221111,Josue Luis,Carbonell Lopez,1989123450101,1989-01-01,11223311,jc@gmail.com
221112,Maria Luisa,Molina Morales,1992123450101,1992-06-02,22223322,mm@hotmail.com
221113,Aaron Ricardo,Castro Perez,1990123450101,1990-03-15,33223333,ac@gmail.com
221114,Eddyn David,Gonzalez Perez,1991123450101,1991-08-22,44223344,eg@gmail.com
221115,Carlos Davila,Cifuentes L,1995123450101,1995-07-12,55223355,cc@hotmail.com
221116,Angelin Maria,Godinez Tiul,1985123450101,1985-02-27,66223366,ag@yahoo.es
221117,Santiago Jose,Lopes Castro,1986123450101,1986-12-13,77223377,sl@gmail.com
221118,Beatriz Lisy,Melendez Mena,1987123780101,1987-01-29,88223388,bm@gmail.com
221119,Jonathan Raul,Ramirez Raux,1995123450101,1995-08-11,99223399,jr@hotmail.com
221120,Duglas Miguel,Rodriguez M,1999444220101,1999-12-12,11335520,dr@yahoo.es 
